Drug,x
ABACAVIR/LAMIVUDINE/ZIDOVUDINE,1
ACAI PALM,1
ACETAMINOPHEN-BUTALBITAL,1
ACETIC ACID-HYDROCORTISONE OTIC,1
ACETIC/ANTIPYRINE/BENZOCAINE/POLYCOS OTIC,1
ACETYLCARBROMAL,1
ADEFOVIR,1
AIRBORNE IM,1
ALBENDAZOLE,1
ALDIOXA-CHLOROXYLENOL TOPICAL,1
ALENDRONATE SODIUM,1
ALFALFA,1
ALFENTANIL,1
ALGINIC ACID,1
ALISKIREN-AMLODIPINE,1
ALTRETAMINE,1
ALUMINUM ACETATE TOPICAL,1
ALUMINUM CHLORIDE HEXAHYDRATE TOPICAL,1
AMCINONIDE TOPICAL,1
AMINO ACIDS TOPICAL,1
AMINOCAPROIC ACID,1
AMLEXANOX TOPICAL,1
AMLODIPINE/HYDROCHLOROTHIAZIDE/VALSARTAN,1
AMMONIUM CHLORIDE,1
AMPHOTERICIN B LIPID COMPLEX,1
AMPHOTERICIN B TOPICAL,1
AMPICILLIN-SULBACTAM,1
AMPRENAVIR,1
ANHYDROUS CALCIUM IODIDE-CODEINE,1
ANTIHEMOPHILIC FACTOR,1
ANTIHEMOPHILIC FACTOR-VON WILLEBRAND FACTOR,1
ANTIIVA,1
AO,1
APAP/AL HYDROXIDE/ASA/CAFFEINE/MG HYDROXIDE,1
APAP/BROMPHENIRAMINE/PSEUDOEPHEDRINE,1
APAP/CHLORPHENIRAMINE/DEXTROMETHORPHAN,1
APAP/CHLORPHENIRAMINE/PHENYLPROPANOLAMINE,1
APAP/CLEMASTINE/PSEUDOEPHEDRINE,1
APAP/DEXTROMETHORPHAN/DOXYLAMINE/PSE,1
APAP/DEXTROMETHORPHAN/PSE/PYRILAMINE,1
APPLE CIDER VINEGAR,1
APROTININ,1
ARCOXIA,1
ARNICA TOPICAL,1
ARTICAINE,1
ASA/CAFFEINE/DIHYDROCODEINE,1
ASPIRIN-CARISOPRODOL,1
ASPIRIN-PRAVASTATIN,1
ASTAXANTHIN,1
ASTEMIZOLE,1
ATROPINE-PHENOBARBITAL,1
BACITRACIN OPHTHALMIC,1
BACITRACIN/HC/NEOMYCIN/POLYMYXIN B OPHTHALMIC,1
BACITRACIN/HC/NEOMYCIN/POLYMYXIN B TOPICAL,1
BACOPA,1
BARIUM SULFATE,1
BCG,1
BELLADONNA/CAFFEINE/ERGOTAMINE/PENTOBARBITAL,1
BENFOTIAMINE,1
BENOXINATE OPHTHALMIC,1
BENZOCAINE OTIC,1
BENZOIC ACID/METHENAMINE/SODIUM SALICYLATE,1
BENZOYL PEROXIDE-CLINDAMYCIN TOPICAL,1
BENZOYL PEROXIDE TOPICAL,1
BENZYLPENICILLOYL-POLYLYSINE,1
BEPOTASTINE OPHTHALMIC,1
BEXAROTENE,1
BIEST & TESTOSTERONE,1
BIOCITRATE CALCIUM,1
BIOSIL,1
BORAGE,1
BRAIN FACTOR,1
BREWER YEAST,1
BROMELAIN,1
BROMPHENIRAMINE/DEXTROMETHORPHAN/PSE,1
BUPIVACAINE,1
BUPIVACAINE-FENTANYL,1
CAFFEINE-SODIUM BENZOATE,1
CAISSE'S TEA,1
CAL APATITE WITH BORON,1
CALCIFEDIOL,1
CALCIUM CARBONATE-MAGNESIUM CHLORIDE,1
CALCIUM GLUCONATE,1
CALCIUM GLYCEROPHOSPHATE,1
CALCIUM WITH VITAMINS D AND K,1
CALCIUM/FERROUS FUMARATE/VITAMIN D,1
CANDIDA ALBICANS EXTRACT,1
CANNABIS (SCHEDULE I SUBSTANCE),1
CAPTOPRIL-HYDROCHLOROTHIAZIDE,1
CARBACHOL OPHTHALMIC,1
CARBETAPENTANE-PHENYLEPHRINE,1
CARBINOXAMINE/HYDROCODONE/PSEUDOEPHEDRINE,1
CARBOPLATIN,1
CARBOPROST,1
CARDIO-PLUS,1
CARDIO - COSANOL,1
CAT'S CLAW,1
CATS CLAW BARK EXTRACT,1
CAYENNE,1
CEFDITOREN,1
CEFIXIME,1
CELLULASE/HYOSCYAMIN/PANCRELIPASE/PHENYLTOLOX,1
CELLULOSE,1
CELLULOSE SODIUM PHOSPHATE,1
CEPHALOTHIN,1
CETRORELIX,1
CHAMOMILE,1
CHELATED CALCIUM,1
CHLORAL HYDRATE,1
CHLOROPHYLLIN COPPER COM/PAPAIN/UREA TOPICAL,1
CHLOROPHYLLIN COPPER COMPLEX TOPICAL,1
CHLOROXINE TOPICAL,1
CHLOROXYLENOL/PRAMOXINE/ZINC ACETATE OTIC,1
CHLORPHENIRAMINE-HYDROCODONE,1
CHLORPHENIRAMINE-METHSCOPOLAMINE,1
CHLORPHENIRAMINE/DEXTROMETHORPHAN/PSE,1
CHLORPHENIRAMINE/DM/GUAIFENESIN/PHENYLEPHRINE,1
CHLORPHENIRAMINE/METHSCOPOLAMINE/PSE,1
CHLORPHENIRAMINE/PHENYLEPHRINE/PYRILAMINE,1
CHLORPROMAZINE,1
CHLORTHALIDONE-CLONIDINE,1
CHLORTHALIDONE-RESERPINE,1
CHOLESTEROL REDUCER CAPSULES,1
CHOLESTOFF,1
CHOLINE SALICYLATE,1
CISAPRIDE,1
CITICOLINE,1
CITRIC ACID-POTASSIUM CITRATE,1
CLIDINIUM,1
CLIOQUINOL/HYDROCORTISONE/PRAMOXINE TOPICAL,1
CLOCORTOLONE TOPICAL,1
CO-Q-OMEGA (COQ10 AND OMEGA-3 FISH OIL FORMULA),1
COAL TAR/LACTIC ACID/SALICYLIC ACID TOPICAL,1
CODEINE/GUAIFENESIN/PHENYLPROPANOLAMINE,1
CODEINE/PSEUDOEPHEDRINE/TRIPROLIDINE,1
COLFOSCERIL,1
COLLAGENASE TOPICAL,1
COMFREY,1
CONCOR,1
CONJUGATED ESTROGENS-MEPROBAMATE,1
COPPER SULFATE,1
CORAL CALCIUM + VITAMIN D + MAGNESIUM,1
CREATINE,1
CYCLIZINE,1
CYTARABINE,1
CYTOMEGALOVIRUS IMMUNE GLOBULIN,1
DALTEPARIN,1
DAMIANA,1
DANAZOL,1
DAPSONE,1
DAUNORUBICIN LIPOSOMAL,1
DEHYDROCHOLIC ACID,1
DEMECLOCYCLINE,1
DEPRENYL,1
DEXAMETHASONE-NEOMYCIN OPHTHALMIC,1
DEXBROMPHENIRAMINE-PSEUDOEPHEDRINE,1
DEXCHLORPHENIRAMINE,1
DEXCHLORPHENIRAMINE-PSEUDOEPHEDRINE,1
DEXCHLORPHENIRAMINE/DEXTROMETHORPHAN/PSE,1
DEXCHLORPHENIRAMINE/HYDROCODONE/PHENYLEPHRINE,1
DEXRAZOXANE,1
DEXTROMETHORPHAN-DOXYLAMINE,1
DEXTROMETHORPHAN-PROMETHAZINE,1
DEXTROMETHORPHAN-QUINIDINE,1
DEXTROMETHORPHAN/GUAIFENESIN/PHENYLEPHRINE,1
DEXTROMETHORPHAN/GUAIFENESIN/PPA,1
DICHLORODIFLUOROMETHANE TOPICAL,1
DICHLOROTETRAFLUORETHANE-ETHYL CL TOPICAL,1
DICLOFENAC OPHTHALMIC,1
DICUMAROL,1
DIETHYLSTILBESTROL,1
DIFLUPREDNATE OPHTHALMIC,1
DIGEST ACTIV,1
DIHYDROERGOTAMINE,1
DIHYDROXYALUMINUM SODIUM CARBONATE,1
DIMEBON,1
DIMETHICONE,1
DINOPROSTONE TOPICAL,1
DIPHENHYDRAMINE-ZINC ACETATE TOPICAL,1
"DIPHTHERIA/HEPB/PERTUSSIS,ACEL/POLIO/TETANUS",1
DL-PHENYLALANINE,1
DONG QUAI,1
DOPAMINE,1
DOXORUBICIN,1
DOXORUBICIN LIPOSOMAL,1
DR. SCHWARTZ SUPERFOOD SUPPLEMENT,1
DROSPIRENONE-ETHINYL ESTRADIOL,1
EDETATE CALCIUM DISODIUM,1
ENTECAVIR,1
EPHEDRINE,1
EPHEDRINE NASAL,1
EPHEDRINE/GUAIFENESIN/THEOPHYLLINE,1
EPINEPHRINE OPHTHALMIC,1
EPOPROSTENOL,1
EPTIFIBATIDE,1
ESOMEPRAZOLE-NAPROXEN,1
ESTRADIOL-LEVONORGESTREL,1
ESTRADIOL-NORGESTIMATE,1
ESTRADIOL-TESTOSTERONE,1
ESTRIOL,1
ETHINYL ESTRADIOL-ETONOGESTREL,1
ETHINYL ESTRADIOL-NORGESTREL,1
ETHOSUXIMIDE,1
FENNEL,1
FENTANYL-ROPIVACAINE,1
FENTANYL TOPICAL,1
FENUGREEK,1
FESOTERODINE FUMARATE,1
FILGRASTIM,1
FLAVOXATE,1
FLORA SAUCE CAPSULES,1
FLUCYTOSINE,1
FLUOCINOLONE OPHTHALMIC,1
FLUOROMETHOLONE-SULFACETAMIDE SODIUM OPHTH,1
FLUOXETINE-OLANZAPINE,1
FLURANDRENOLIDE TOPICAL,1
FLURINET,1
FOLLICLE STIMULATING HORMONE-GANIRILEX,1
FOSINOPRIL-HYDROCHLOROTHIAZIDE,1
FUNGAL TOPICAL CREAM,1
GADOVERSETAMIDE,1
GAMMA-GLOBULIN,1
GATIFLOXACIN,1
GELATIN,1
GEMCITABINE,1
GENTAMICIN-PREDNISOLONE OPHTHALMIC,1
GENTAMICIN OPHTHALMIC,1
GENTIAN ROOT EXTRACT,1
GLATIRAMER,1
GLIMEPIRIDE-PIOGLITAZONE,1
GLYCERIN TOPICAL,1
GOJI JUICE,1
GOLIMUMAB,1
GRANISETRON,1
GUAIFENESIN-HYDROMORPHONE,1
GUAIFENESIN-PHENYLPROPANOLAMINE,1
GUANADREL,1
"HAIR, SKIN, AND NAILS",1
HEMP OIL,1
HEMP PROTEIN POWDER,1
HEPATITIS A ADULT VACCINE,1
HISTAMINE PHOSPHATE,1
HISTRELIN,1
HYALURONIDASE,1
HYDROCODONE-PHENYLEPHRINE,1
HYDROCODONE-PSEUDOEPHEDRINE,1
HYDROCODONE/PHENIRAMINE/PE/PPA/PYRILAMINE,1
HYDROCORTISONE OTIC,1
HYDROCORTISONE/NEOMYCIN/POLYMYXIN B TOPICAL,1
HYDROCORTISONE/SALICYLIC ACID/SULFUR TOPICAL,1
HYDROXOCOBALAMIN,1
HYDROXYAMPHETAMINE-TROPICAMIDE OPHTHALMIC,1
HYDROXYPROGESTERONE,1
HYDROXYQUINOLINE TOPICAL,1
HYLAN G-F 20,1
HYPOCOL,1
HYPOGEST,1
IBRITUMOMAB,1
IBUTILIDE,1
IDURSULFASE,1
IMMUNE DEFENSE,1
IMMUNE GLOBULIN INTRAVENOUS AND SUBCUTANEOUS,1
IMMUNOSTART,1
INAMRINONE,1
INDACATEROL,1
INDINAVIR,1
INDIUM PENTETATE IN-111,1
"INFLUENZA VIRUS VACCINE, INACTIVATED",1
INTERCEPT,1
INTERFERON ALFA-2A,1
INTERFERON ALFA-2B,1
INTERFERON GAMMA-1B,1
INTRAVENOUS ELECTROLYTE SOLUTION,1
IRINOTECAN,1
ISOMETH/APAP/DICHLOR,1
ISONIAZID/PYRAZINAMIDE/RIFAMPIN,1
ISOPROPYL ALCOHOL OTIC,1
ISOPROPYL ALCOHOL TOPICAL,1
ISOTONIX OPC3,1
ISOTRETINOIN,1
ISOXSUPRINE,1
ITRACONAZOLE,1
JUVENON,1
K-PAX,1
KAOLIN,1
L 5 METHYLTETRAHYDROFOLATE,1
LACOSAMIDE,1
LACTOBACILLUS ACIDOPHILUS AND BULGARICUS,1
LACTOBACILLUS BULGARICUS,1
LANOLIN TOPICAL,1
LANREOTIDE,1
LAPATINIB,1
LEVACOR,1
LICORICE,1
LIDOCAINE-PRILOCAINE TOPICAL,1
LINAGLIPTIN,1
LIOTRIX,1
LIVER DERIVATIVE COMPLEX,1
LIVIAL,1
LODOXAMIDE OPHTHALMIC,1
LOXAPINE,1
LUMINEZ EYE GTTS,1
LURASIDONE,1
LUTETIUM TEXAPHYRIN / LUTEX,1
LVP SOLUTION WITH POTASSIUM,1
MAFENIDE TOPICAL,1
MALT SOUP EXTRACT,1
MANGOSTEEN JUICE,1
MANNITOL,1
MAPROTILINE,1
MARSHMALLOW,1
MAXIVISION,1
MECLOFENAMATE,1
MENOTROPINS,1
MEPENZOLATE,1
MEQUINOL-TRETINOIN TOPICAL,1
MERCURIUS VIVUS / HOMEOPATHIC REMEDY,1
METABOLIFE,1
METFORMIN-REPAGLINIDE,1
METFORMIN-SAXAGLIPTIN,1
METHDILAZINE,1
METHOHEXITAL,1
METHOXSALEN,1
METHSCOPOLAMINE,1
METHYLPREDNISOLONE TOPICAL,1
METHYSERGIDE MALEATE,1
METYROSINE,1
MICONAZOLE,1
MICONAZOLE-ZINC OXIDE TOPICAL,1
MINOCYCLINE TOPICAL,1
MIVACURIUM,1
MOLINDONE,1
MOLYBDENUM,1
MONA VIE,1
MORICIZINE,1
MOTILIUM,1
MUSHROOM COMPLEX,1
MYCOPHENOLIC ACID,1
NAFCILLIN,1
NANO OPTIMIZE,1
NAPHAZOLINE NASAL,1
NAPHAZOLINE/PHENYLEPHRINE/PYRILAMINE NASAL,1
NATICOR,1
NEDOCROMIL,1
NELFINAVIR,1
NEOMYCIN OPHTHALMIC,1
NEOMYCIN TOPICAL,1
NEOMYCIN/POLYMYXIN B/PRAMOXINE TOPICAL,1
NEUROPLEX,1
NEUROSTIN,1
NEUROZYME,1
NIACIN-SIMVASTATIN,1
NITRIC OXIDE,1
NONOXYNOL 9 TOPICAL,1
NUTRAMETRIX MAXIMUM ORAC FORMULA,1
NUTRAMETRIX OPC-3,1
OCTREOTIDE,1
OLEIC ACID,1
OLIGO PROANTHOCYANIDIN,1
OLIVE LEAF,1
OLSALAZINE,1
OPIUM,1
OSTIVONE,1
OXACILLIN,1
OXALIPLATIN,1
OXICONAZOLE TOPICAL,1
OXYMETAZOLINE OPHTHALMIC,1
OXYPREGNANE STEROIDAL GLYCOSIDE,1
PAPAVERINE,1
PARENTERAL NUTRITION SOLUTION,1
PARSITAN,1
PECTASOL CHELATION COMPLEX,1
PEGAPTANIB OPHTHALMIC,1
PEGVISOMANT,1
PEMOLINE,1
PENCICLOVIR TOPICAL,1
PENICILLAMINE,1
PENICILLIN V POTASSIUM,1
PENTAMIDINE,1
PENTAZOCINE,1
PENTOSTATIN,1
PEPPERMINT,1
PHENIRAMINE,1
PHENIRAMINE-PHENYLEPHRINE NASAL,1
PHENIRAMINE/PHENYLTOLOXAMINE/PSE/PYRILAMINE,1
PHENIRAMINE/PPA/PYRILAMINE,1
PHENTOLAMINE,1
PHENYLEPHRINE-PROMETHAZINE,1
PHOSOHATIDE CHELINE,1
PHYTOESTROGEN,1
PIPERONYL BUTOXIDE-PYRETHRINS TOPICAL,1
POLYMYXIN B OPHTHALMIC,1
POMEGRANATE EXTRACT,1
POTASSIUM AMINOBENZOATE,1
POTASSIUM BICARBONATE-SODIUM BICARBONATE,1
POTASSIUM BITARTRATE,1
POTASSIUM IODIDE,1
POTASSIUM PHOSPHATE,1
PRAMOXINE-ZINC OXIDE TOPICAL,1
PRAZIQUANTEL,1
PRIFENIDONE,1
PRILOCAINE,1
PRO BONO,1
PROBIOTIC ACIDOPHILUS,1
PROCYCLIDINE,1
PROGLY,1
PROPANTHELINE,1
PROPOFOL,1
PROSTATA,1
PS ULTIMATE BRAIN FOOD,1
PYGEUM,1
PYRILAMINE,1
PYRIMETHAMINE,1
PYRITHIONE ZINC TOPICAL,1
RASBURICASE,1
RED CLOVER SUPPLEMENT,1
RED RASPBERRY,1
RELIV,1
REPARAGEN,1
RESERPINE,1
RHODIOLA,1
RIFABUTIN,1
RIFAPENTINE,1
RIMANTADINE,1
ROCURONIUM,1
ROFLUMILAST,1
S-ADENOSYLMETHIONINE,1
SAGE LEAF,1
SALICYLIC ACID-SULFUR TOPICAL,1
SECOBARBITAL,1
SERMORELIN,1
SHARK CARTILAGE,1
SIMETHICONE COATED CELLULOSE,1
SIMVASTATIN-SITAGLIPTIN,1
SODIUM CITRATE,1
SODIUM FERRIC GLUCONATE COMPLEX,1
SODIUM PHOSPHATE,1
SOLARAY CAPRYL (CAPRYLIC ACID),1
SOMATREM,1
SORAFENIB,1
SOY PROTEIN POWDER,1
SPRING VALLEY PROBIOTIC FORMULA DIGESTIVE SUPPORT,1
STAVUDINE,1
STEM ENHANCE,1
STREPTOZOCIN,1
STRONTIUM GLUCONATE,1
SUCCIMER,1
SULFISOXAZOLE,1
SUMATRIPTAN NASAL,1
SUPER CARNOSINE,1
SWEET WHEAT,1
SYNERFLEX,1
TACRINE,1
TARENFLURBIL,1
TATINOL,1
TEMOZOLOMIDE,1
TEMSIROLIMUS,1
TERCONAZOLE TOPICAL,1
TETANUS TOXOID,1
TETANUS/DIPHTH/PERTUSS (TDAP) ADULT/ADOL,1
TETRABENAZINE,1
TETRACAINE,1
TETRACAINE OPHTHALMIC,1
THIOTEPA,1
THREONINE,1
TOCILIZUMAB,1
TOLBUTAMIDE,1
TOLMETIN,1
TRAMIPROSATE,1
TREVINOL,1
TRIACETIN TOPICAL,1
TRICHOPHYTON SKIN TEST,1
TRIFLURIDINE OPHTHALMIC,1
TRIMEPRAZINE,1
TRIPLE FLEX,1
TRIPROLIDINE,1
TRIPTORELIN,1
TROMETHAMINE,1
TROPICAMIDE OPHTHALMIC,1
TRYPTOPHAN,1
TUBERCULIN PURIFIED PROTEIN DERIVATIVE,1
TURBO-CORT INHALER,1
ULTIMATE BLADDER SUPPORT,1
ULTRA-JOINT,1
UNDECYLENIC ACID TOPICAL,1
VALGANCICLOVIR,1
VANCOMYCIN,1
VANDETANIB,1
VEGETABLE GLUCOSAMINE,1
VELVET ANTLER,1
VITAL SUPER ANTIOXIDANT,1
WOBENZYM,1
ZANAMIVIR,1
ZILEUTON,1
ZOSTER VACCINE LIVE,1
ABATACEPT,2
ACETAMINOPHEN-CAFFEINE,2
ACETIC ACID OTIC,2
ACYCLOVIR TOPICAL,2
ADAPALENE TOPICAL,2
ADVANCE JOINT SUPPORT,2
ALCLOMETASONE TOPICAL,2
ALUMINUM HYDROXIDE,2
AMBROTOSE,2
AMOXICILLIN/CLARITHROMYCIN/LANSOPRAZOLE,2
ANAGRELIDE,2
ANTITHROMBIN III,2
APAP/CAFFEINE/DIHYDROCODEINE,2
APAP/CHLORPHENIRAMINE/DEXTROMETHORPHAN/PSE,2
APAP/CHLORPHENIRAMINE/PSEUDOEPHEDRINE,2
APAP/DEXTROMETHORPHAN/PSEUDOEPHEDRINE,2
APOMORPHINE,2
ARFORMOTEROL,2
ASCORBIC ACID-IRON POLYSACCHARIDE,2
ATROPINE/CPM/HYOSCYAMINE/PSE/SCOPOLAMINE,2
AZILSARTAN,2
BACITRACIN/NEOMYCIN/POLYMYXIN B/PRAMOXINE TOP,2
BEE POLLEN,2
BELLADONNA/ERGOTAMINE/PHENOBARBITAL,2
BENZOCAINE TOPICAL,2
BLUE GREEN ALGAE POWDER,2
BLUEBERRY LEAF,2
BOSENTAN,2
BROMFENAC,2
BROMPHENIRAMINE-PSEUDOEPHEDRINE,2
BUPRENORPHINE,2
BUTABARBITAL,2
BUTORPHANOL,2
CALCITONIN NASAL,2
CALCIUM ACETATE-MAGNESIUM CARBONATE,2
CALCIUM CHLORIDE,2
CAMPHOR TOPICAL,2
CAPSICUM,2
CARBINOXAMINE/METHSCOPOLAMINE/PSEUDOEPHEDRINE,2
CARBOXYMETHYLCELLULOSE,2
CASCARA SAGRADA,2
CASCARA SAGRADA-MAGNESIUM HYDROXIDE,2
CASTOR OIL,2
CEFOTETAN,2
CEFPODOXIME,2
CEFPROZIL,2
CHLORDIAZEPOXIDE-METHSCOPOLAMINE,2
CHLORPHENIRAMINE-DEXTROMETHORPHAN,2
CHLORPHENIRAMINE/DIHYDROCODEINE/PSE,2
CHLORPHENIRAMINE/HYDROCODONE/PSE,2
CHLORPHENIRAMINE/IBUPROFEN/PSEUDOEPHEDRINE,2
CHLORPHENIRAMINE/PE/PHENYLTOLOXAMINE,2
CICLESONIDE,2
CIPROFLOXACIN-DEXAMETHASONE OTIC,2
CIPROFLOXACIN OPHTHALMIC,2
CITRIC ACID-SODIUM CITRATE,2
CLONIDINE TOPICAL,2
CODEINE/PHENYLEPHRINE/PROMETHAZINE,2
COLLAGEN TOPICAL,2
COLOSTRUM,2
CORAL CALCIUM,2
DASATINIB,2
DESLORATADINE-PSEUDOEPHEDRINE,2
DEXTROMETHORPHAN/GUAIFENESIN/PSEUDOEPHEDRINE,2
DIBUCAINE TOPICAL,2
DIGESTIVE ADVANTAGE LACTOSE INTOLERANCE,2
DIMETHYL SULFOXIDE,2
DIPHENHYDRAMINE TOPICAL,2
DOCETAXEL,2
DOCOSANOL TOPICAL,2
DOCUSATE-FERROUS FUMARATE,2
DOCUSATE-PHENOLPHTHALEIN,2
DORNASE ALFA,2
DOXACURIUM,2
DOXERCALCIFEROL,2
DRONABINOL,2
ECHOTHIOPHATE IODIDE OPHTHALMIC,2
EDTA,2
ENALAPRIL-FELODIPINE,2
ENFUVIRTIDE,2
EPHEDRINE/HYDROXYZINE/THEOPHYLLINE,2
EPROSARTAN-HYDROCHLOROTHIAZIDE,2
ERGOTAMINE,2
ESTROVEN,2
ETHANOL TOPICAL,2
ETIDRONATE,2
EYEVITES,2
FERROUS FUMARATE,2
FLUOCINOLONE/HYDROQUINONE/TRETINOIN TOPICAL,2
FLUPHENAZINE,2
GENTAMICIN,2
GENTAMICIN TOPICAL,2
GLIMEPIRIDE-ROSIGLITAZONE,2
GLUCAGON,2
GLUCOSAMINE WITH MSM,2
GLYCEROPHOSPHOCHOLINE,2
GOTU KOLA,2
GRAPESEED EXTRACT,2
GRISEOFULVIN,2
HORSE CHESTNUT,2
HORSETAIL(EQUISETUM ARVENSE),2
HYDROCORTISONE-IODOQUINOL TOPICAL,2
HYDROCORTISONE OPHTHALMIC,2
HYDROCORTISONE/NEOMYCIN/POLYMYXIN B OTIC,2
IDARUBICIN,2
IMIGLUCERASE,2
IMMUNE GLOBULIN INTRAVENOUS,2
INSULIN ZINC EXTENDED,2
INTERFERON BETA-1A,2
INULIN,2
IRON SUCROSE,2
ISONIAZID,2
ISOPROTERENOL,2
KAPIDEX,2
LBC COMPOUND,2
LEVOCABASTINE OPHTHALMIC,2
LIDOCAINE/NEOMYCIN/POLYMYXIN B TOPICAL,2
LIPASE,2
LOPINAVIR-RITONAVIR,2
MANGANESE SULFATE,2
MENTHOL TOPICAL,2
MEPROBAMATE,2
METAPROTERENOL,2
METHOXSALEN TOPICAL,2
METHYCLOTHIAZIDE,2
METHYLENE BLUE,2
METIPRANOLOL OPHTHALMIC,2
MULTIVITAMIN WITH FLUORIDE,2
NATTOKINASE,2
NEDOCROMIL OPHTHALMIC,2
NEOMYCIN-POLYMYXIN B SULFATE TOPICAL,2
NEOSTIGMINE,2
NILUTAMIDE,2
NIMODIPINE,2
NITAZOXANIDE,2
OFLOXACIN OPHTHALMIC,2
OMEGA Q PLUS,2
ONABOTULINUMTOXINA,2
PACLITAXEL,2
PANTOTHENIC ACID (VITAMIN B5),2
PARAAMINOBENZOIC ACID,2
PEMIROLAST OPHTHALMIC,2
PERMETHRIN TOPICAL,2
PHOSOPLEX,2
PIPERACILLIN-TAZOBACTAM,2
POLICOSANOL,2
POLYMYXIN B SULFATE,2
POTASSIUM CHELATE,2
POTASSIUM CITRATE-SODIUM CITRATE,2
POTASSIUM SULFATE,2
POVIDONE IODINE TOPICAL,2
PRAMOXINE OTIC,2
PRAMOXINE TOPICAL,2
PRISTIQ,2
PROGESTERONE TOPICAL,2
PROTRIPTYLINE,2
PSYLLIUM-SENNA,2
QUAZEPAM,2
QUINUPRISTIN,2
RETINAVITES,2
RIBAVIRIN,2
RIMEXOLONE OPHTHALMIC,2
SERTACONAZOLE TOPICAL,2
SHARP MIND CAPSULES,2
SIBUTRAMINE,2
SILVER SULFADIAZINE TOPICAL,2
SIROLIMUS,2
SLIPPERY ELM,2
SODIUM HYALURONATE OPHTHALMIC,2
SPECTINOMYCIN,2
SPIRULINA,2
STINGING NETTLE,2
SUFENTANIL,2
SULCONAZOLE TOPICAL,2
SULFACETAMIDE SODIUM-SULFUR TOPICAL,2
SULFACETAMIDE SODIUM OPHTHALMIC,2
SULFACETAMIDE SODIUM TOPICAL,2
SULFAMETHIZOLE,2
SULFINPYRAZONE,2
SULFUR TOPICAL,2
SUPER BLUE GREEN ALGAE,2
SUPER BLUE GREEN ENZYMES,2
TAFLUPROST OPHTHALMIC,2
TAZAROTENE TOPICAL,2
TERBUTALINE,2
THERALOGIX,2
THIORIDAZINE,2
TIAGABINE,2
TIOCONAZOLE TOPICAL,2
TOBRAMYCIN,2
TOBRAMYCIN OPHTHALMIC,2
TOLNAFTATE TOPICAL,2
TRIFLUOPERAZINE,2
TRIPLE SULFA TOPICAL,2
URACIL MUSTARD,2
VALDECOXIB,2
VILAZODONE,2
VITAMIN E TOPICAL,2
VORICONAZOLE,2
ZINC CHELAZOME,2
ZIPRASIDONE,2
ACETAMINOPHEN-PHENYLTOLOXAMINE,3
ALIGN,3
ALLERCLEAR,3
ALOE VERA TOPICAL,3
AMPHETAMINE,3
AMPHOTERICIN B LIPOSOMAL,3
APAP/CHLORPHENIRAMINE/PHENYLEPHRINE,3
APAP/DIPHENHYDRAMINE/PSEUDOEPHEDRINE,3
APAP/PHENYLTOLOXAMINE/SALICYLAMIDE,3
APRACLONIDINE OPHTHALMIC,3
ASA/CARISOPRODOL/CODEINE,3
ASPIRIN-HYDROCODONE,3
ASTRAGALUS LIQUID PHYTO CAPS,3
ATROPINE OPHTHALMIC,3
BACITRACIN,3
BACITRACIN TOPICAL,3
BACITRACIN/NEOMYCIN/POLYMYXIN B TOPICAL,3
BARLEY GRASS POWDER,3
BENDROFLUMETHIAZIDE-NADOLOL,3
BETAMETHASONE-CALCIPOTRIENE TOPICAL,3
CALCIUM CARBONATE-SODIUM FLUORIDE,3
CALCIUM GLUBIONATE,3
CAPECITABINE,3
CARTEOLOL,3
CEFADROXIL,3
CEFUROXIME,3
CEPHAPIRIN,3
CHLOROQUINE,3
CHLORPHENIRAMINE/HYDROCODONE/PHENYLEPHRINE,3
CHOLINE BITARTRATE,3
CICLESONIDE NASAL,3
CINACALCET,3
CIPROFLOXACIN-HYDROCORTISONE OTIC,3
CLEMASTINE,3
CLOZAPINE,3
COAL TAR TOPICAL,3
COCONUT OIL,3
CODEINE/GUAIFENESIN/PSE,3
COLLAGEN,3
CRANBERRY FRUIT EXTRACT,3
CRANBERRY PLUS VITAMIN C,3
CURCURMIN,3
CYCLOPHOSPHAMIDE,3
CYSTEAMINE,3
DARUNAVIR,3
DESOGESTREL-ETHINYL ESTRADIOL,3
DEXMETHYLPHENIDATE,3
DEXTROTHYROXINE SODIUM,3
DICLOXACILLIN,3
DIFLORASONE TOPICAL,3
DIPIVEFRIN OPHTHALMIC,3
DOXEPIN TOPICAL,3
ERLOTINIB,3
FEVERFEW,3
GLIPIZIDE-METFORMIN,3
GLUTAMINE,3
GLUTATHIONE,3
GREEN TEA EXTRACT,3
GREEN TEA LEAF EXTRACT,3
GUAIFENESIN/PHENYLEPHRINE/PPA,3
HAWTHORNE BERRIES,3
HERBAL PROSTATE COMBO,3
HEXACHLOROPHENE TOPICAL,3
HORMONE REPLACEMENT THERAPY,3
HYDRALAZINE-ISOSORBIDE DINITRATE,3
HYDROCHLOROTHIAZIDE-PROPRANOLOL,3
HYDROQUINONE TOPICAL,3
"INSULIN INHALATION, RAPID ACTING",3
INSULIN ZINC,3
IODINE-POTASSIUM IODIDE,3
JOINT COMPLETE,3
KELP,3
LACTIC ACID TOPICAL,3
LANTHANUM CARBONATE,3
LEVONORGESTREL,3
LICORICE (GLYCYRRHIZA GLABRA),3
LOPERAMIDE-SIMETHICONE,3
LOTEPREDNOL-TOBRAMYCIN OPHTHALMIC,3
MAGNESIUM ASPARTATE,3
MENTHOL-ZINC OXIDE TOPICAL,3
MEXILETINE,3
MIGLITOL,3
MINERAL OIL,3
NAPROXEN-SUMATRIPTAN,3
NEOMYCIN,3
NORETHINDRONE,3
NUTRITIONAL SUPPLEMENT,3
OLOPATADINE NASAL,3
ORPHENADRINE,3
PANCREATIN,3
PETROLATUM TOPICAL,3
PHENELZINE,3
PHENYLEPHRINE TOPICAL,3
PIRACETAM,3
PNEUMOCOCCAL 23-POLYVALENT VACCINE,3
POTASSIUM BICARBONATE,3
POTASSIUM CHLORIDE-SODIUM CHLORIDE,3
PRASUGREL,3
PROCAINAMIDE,3
RITUXIMAB,3
RIVAROXABAN,3
ROFECOXIB,3
SALIVA SUBSTITUTES,3
SAMARIUM SM 153 LEXIDRONAM,3
SODIUM HYALURONATE,3
SORBITOL,3
STRONTIUM-89 CHLORIDE,3
TETRACYCLINE TOPICAL,3
THALIDOMIDE,3
TOLCAPONE,3
TRANYLCYPROMINE,3
TRASTUZUMAB,3
TRIMETHOBENZAMIDE,3
VERTEPORFIN,3
VITAMIN A & D TOPICAL,3
ZINC PICOLINATE,3
ZINC SULFATE OPHTHALMIC,3
ABACAVIR-LAMIVUDINE,4
ACETAMINOPHEN-CHLORPHENIRAMINE,4
AL HYDROXIDE/ASA/CA CARBONATE/MG HYDROXIDE,4
ALISKIREN-VALSARTAN,4
ALMOTRIPTAN,4
ALOSETRON,4
ALUMINUM HYDROXIDE-MAGNESIUM TRISILICATE,4
AMITRIPTYLINE-PERPHENAZINE,4
AMLODIPINE/HYDROCHLOROTHIAZIDE/OLMESARTAN,4
ANTIPYRINE-BENZOCAINE OTIC,4
ASA/BUTALBITAL/CAFFEINE/CODEINE,4
ASA/CAFFEINE/PROPOXYPHENE,4
ASCORBIC ACID-FERROUS FUMARATE,4
BIRTH CONTROL PILLS,4
BOTULINUM TOXIN TYPE A (OBSOLETE),4
CALCIUM CARBONATE-RISEDRONATE,4
CALCIUM CARBONATE-SIMETHICONE,4
CALCIUM LACTATE,4
"CALCIUM PHOSPHATE, TRIBASIC",4
CAMPHOR-MENTHOL TOPICAL,4
CLOBETASOL-COAL TAR TOPICAL,4
CLOMIPRAMINE,4
COAL TAR/SALICYLIC ACID/SULFUR TOPICAL,4
CYCLOPENTOLATE OPHTHALMIC,4
CYSTEINE,4
DEXAMETHASONE/NEOMYCIN/POLYMYXIN B OPHTHALMIC,4
DIAZOXIDE,4
DISOPYRAMIDE,4
DISULFIRAM,4
DUTASTERIDE-TAMSULOSIN,4
EFAVIRENZ/EMTRICITABINE/TENOFOVIR,4
EMTRICITABINE-TENOFOVIR,4
ENALAPRIL-HYDROCHLOROTHIAZIDE,4
ENSURE,4
ETHACRYNIC ACID,4
FLURAZEPAM,4
FLURBIPROFEN,4
FOSAMPRENAVIR,4
FROVATRIPTAN,4
HALOBETASOL TOPICAL,4
HYALURONAN,4
HYDROCHLOROTHIAZIDE-MOEXIPRIL,4
INSULIN LISPRO-INSULIN LISPRO PROTAMINE,4
IODINE TOPICAL,4
LEVOFLOXACIN OPHTHALMIC,4
LOPINAVIR,4
MAGNESIUM LACTATE,4
METHACHOLINE,4
NALTREXONE,4
OFLOXACIN,4
ORLISTAT,4
PAMIDRONATE,4
PANTOTHENATE,4
PERGOLIDE,4
PHENDIMETRAZINE,4
POTASSIUM BICARBONATE-POTASSIUM CITRATE,4
POTASSIUM PHOSPHATE-SODIUM PHOSPHATE,4
PROPYLTHIOURACIL,4
PYCNOGENOL,4
RESERVATROL,4
RIFAXIMIN,4
ROYAL JELLY,4
SAQUINAVIR,4
SODIUM BIPHOSPHATE-SODIUM PHOSPHATE,4
SULFADIAZINE,4
TRETINOIN,4
ACITRETIN,5
APAP/BUTALBITAL/CAFFEINE/CODEINE,5
APAP/DEXTROMETHORPHAN/DOXYLAMINE,5
BELLADONNA,5
BENZTROPINE,5
BETAINE,5
BIESTROGEN,5
BISACODYL-MAGNESIUM CITRATE,5
BROMPHENIRAMINE,5
BYSTOLIC,5
CAFFEINE-ERGOTAMINE,5
CHLORPHENIRAMINE-PHENYLEPHRINE,5
CHOLINE SALICYLATE-MAGNESIUM SALICYLATE,5
CITRACEL,5
CROMOLYN OPHTHALMIC,5
DEXTROMETHORPHAN,5
DHEA,5
DIMENHYDRINATE,5
EPLERENONE,5
ETHINYL ESTRADIOL-LEVONORGESTREL,5
FULVESTRANT,5
GLYCERIN,5
GREEN TEA (CAMELLIA SINENSIS),5
GUAIFENESIN-HYDROCODONE,5
GUAIFENESIN-PHENYLEPHRINE,5
GUANFACINE,5
HALOPERIDOL,5
HOMATROPINE-HYDROCODONE,5
HYALURONIC ACID,5
HYDROCORTISONE-PRAMOXINE TOPICAL,5
INSULIN ASPART PROTAMINE,5
IODINE,5
LIRAGLUTIDE,5
METHAZOLAMIDE,5
METHENAMINE,5
METHYLDOPA,5
METHYLTESTOSTERONE,5
MILNACIPRAN,5
NICARDIPINE,5
PERPHENAZINE,5
POLYETHYLENE GLYCOL 3350 WITH ELECTROLYTES,5
POLYMYXIN B-TRIMETHOPRIM OPHTHALMIC,5
PREVAGEN BRAIN CELL PROTECTION,5
SALICYLIC ACID TOPICAL,5
SCOPOLAMINE,5
SODIUM POLYSTYRENE SULFONATE,5
TESTOSTERONE TOPICAL,5
THIOGUANINE,5
VINPOCETINE,5
ZYFLAMEND,5
5-HYDROXYTRYPTOPHAN,6
AMINO ACIDS-UREA TOPICAL,6
ASA/CAFFEINE/ORPHENADRINE,6
CABERGOLINE,6
CAFFEINE,6
CARBONYL IRON,6
CARTEOLOL OPHTHALMIC,6
CEFDINIR,6
CHLORZOXAZONE,6
CHOLINE,6
CLINDAMYCIN TOPICAL,6
COLCHICINE-PROBENECID,6
CROMOLYN NASAL,6
DESMOPRESSIN,6
DIFLUNISAL,6
DIPHENHYDRAMINE-IBUPROFEN,6
EFLORNITHINE TOPICAL,6
EPROSARTAN,6
ESTAZOLAM,6
ETHINYL ESTRADIOL-NORGESTIMATE,6
FEBUXOSTAT,6
FORMOTEROL-MOMETASONE,6
GREEN TEA,6
GUAR GUM,6
HYDROCODONE-POTASSIUM GUAIACOLSULFONATE,6
HYOSCYAMINE/METHENAM/M-BLUE/PHENYL SALICYL,6
L-METHYLFOLATE,6
LENALIDOMIDE,6
LISDEXAMFETAMINE,6
MANGANESE CHLORIDE,6
MEPERIDINE,6
NARATRIPTAN,6
NYSTATIN TOPICAL,6
OMALIZUMAB,6
PERINDOPRIL,6
PINDOLOL,6
PSEUDOEPHEDRINE-TRIPROLIDINE,6
RANIBIZUMAB OPHTHALMIC,6
RIFAMPIN,6
RILUZOLE,6
SAM-E,6
SEVELAMER,6
SODIUM CHLORIDE,6
TERBINAFINE TOPICAL,6
ZIDOVUDINE,6
ZINC CHLORIDE,6
ASPIRIN-CAFFEINE,7
BIOFLAVONOIDS,7
BREWER'S YEAST,7
CALCIUM CARBONATE/FAMOTIDINE/MG HYDROXIDE,7
CEVIMELINE,7
CODEINE-PROMETHAZINE,7
COPPER GLUCONATE,7
ERYTHROMYCIN TOPICAL,7
ESTERIFIED ESTROGENS,7
FLUORIDE,7
GLUCOSE,7
GRAPE SEED EXTRACT,7
GUAIFENESIN-PSEUDOEPHEDRINE,7
IMATINIB,7
IRON DEXTRAN,7
JUICE PLUS,7
LANSOPRAZOLE-NAPROXEN,7
LEUCOVORIN,7
MERCAPTOPURINE,7
METHYL SALICYLATE TOPICAL,7
NAFTIFINE TOPICAL,7
NAPHAZOLINE-PHENIRAMINE OPHTHALMIC,7
NICOTINE,7
PAPAYA,7
PENICILLIN,7
PENTOSAN POLYSULFATE SODIUM,7
PHENOBARBITAL,7
PHENTERMINE,7
SAXAGLIPTIN,7
SOMATROPIN,7
TICLOPIDINE,7
TRANDOLAPRIL-VERAPAMIL,7
AMPICILLIN,8
ATROPINE,8
BLACK COHOSH,8
BROMOCRIPTINE,8
CETIRIZINE-PSEUDOEPHEDRINE,8
CHLORDIAZEPOXIDE,8
DEXAMETHASONE-TOBRAMYCIN OPHTHALMIC,8
ENOXAPARIN,8
ERYTHROMYCIN OPHTHALMIC,8
ETHAMBUTOL,8
FLUTAMIDE,8
GLUTAMIC ACID,8
HYDROXYPROPYL METHYLCELLULOSE OPHTHALMIC,8
MELPHALAN,8
MINOXIDIL TOPICAL,8
NEFAZODONE,8
NEVIRAPINE,8
NYSTATIN-TRIAMCINOLONE TOPICAL,8
OMEGA 3-6-9,8
PITAVASTATIN,8
PREDNISOLONE-SULFACETAMIDE SODIUM OPHTHALMIC,8
QUINIDINE,8
SACCHAROMYCES BOULARDII LYO,8
ZAFIRLUKAST,8
ZONISAMIDE,8
ACETAMINOPHEN-PSEUDOEPHEDRINE,9
AMILORIDE-HYDROCHLOROTHIAZIDE,9
ATROPINE/HYOSCYAMINE/PB/SCOPOLAMINE,9
BALSALAZIDE,9
BIFIDOBACTERIUM INFANTIS,9
BUTALBITAL,9
CALCIPOTRIENE TOPICAL,9
CALCIUM CARBONATE-MAGNESIUM CARBONATE,9
CHLOROTHIAZIDE,9
CLOTRIMAZOLE,9
CYCLOSPORINE,9
DHA,9
DIGESTIVE ENZYMES/HYOSCYAMINE/PHENYLTOLOXAMIN,9
FLUVOXAMINE,9
GLYCOPYRROLATE,9
HUPERZINE,9
HYDROMORPHONE,9
LACTOBACILLUS RHAMNOSUS GG,9
MOEXIPRIL,9
PHENYLEPHRINE,9
PHENYLEPHRINE NASAL,9
PHOSPHATIDYLSERINE,9
PIMECROLIMUS TOPICAL,9
ST. JOHN'S WORT,9
TACROLIMUS,9
VALPROIC ACID,9
ALOE VERA,10
BENAZEPRIL-HYDROCHLOROTHIAZIDE,10
BETAMETHASONE-CLOTRIMAZOLE TOPICAL,10
CARBAMIDE PEROXIDE OTIC,10
CASANTHRANOL-DOCUSATE,10
CHLORPHENIRAMINE-PSEUDOEPHEDRINE,10
CLARITHROMYCIN,10
CROMOLYN,10
DARBEPOETIN ALFA,10
DENOSUMAB,10
DIPHENOXYLATE,10
DOFETILIDE,10
EPINASTINE OPHTHALMIC,10
EYE VITAMIN AND MINERAL,10
FLUOROURACIL,10
FLUTICASONE TOPICAL,10
GATIFLOXACIN OPHTHALMIC,10
HYDROCHLOROTHIAZIDE-QUINAPRIL,10
IMIQUIMOD TOPICAL,10
KRILL OIL,10
LORATADINE-PSEUDOEPHEDRINE,10
LYCOPENE (LEUCOPENE),10
"MULTIVITAMIN, PRENATAL",10
TACROLIMUS TOPICAL,10
ZOLMITRIPTAN,10
ALPROSTADIL,11
AMOXICILLIN-CLAVULANATE,11
ATAZANAVIR,11
CINNAMON CAPSULES,11
DESIPRAMINE,11
EFAVIRENZ,11
ELETRIPTAN,11
GRAPE SEED OIL,11
HYDRALAZINE/HYDROCHLOROTHIAZIDE/RESERPINE,11
KETOPROFEN,11
METHADONE,11
MICONAZOLE TOPICAL,11
NYSTATIN,11
PYRIDOSTIGMINE,11
ROTIGOTINE,11
SILODOSIN,11
TOLAZAMIDE,11
ADALIMUMAB,12
ALGINIC ACID/AL HYDROXIDE/MG TRISILICATE,12
ALPHA-D-GALACTOSIDASE,12
ASA/CITRIC ACID/NA BICARB,12
AZELAIC ACID TOPICAL,12
CANDESARTAN-HYDROCHLOROTHIAZIDE,12
DESOXIMETASONE TOPICAL,12
DEXTROAMPHETAMINE,12
EPINEPHRINE,12
FLUOROURACIL TOPICAL,12
GOSERELIN,12
INOSITOL,12
INSULIN ASPART-INSULIN ASPART PROTAMINE,12
MAGNESIUM SALICYLATE,12
METFORMIN-PIOGLITAZONE,12
MOXIFLOXACIN OPHTHALMIC,12
NATEGLINIDE,12
OTHER SUPPLEMENT,12
PHENAZOPYRIDINE,12
POTASSIUM ACETATE,12
SODIUM BICARBONATE,12
SULFAMETHOXAZOLE,12
TRIHEXYPHENIDYL,12
UREA TOPICAL,12
VALERIAN,12
VARENICLINE,12
ACEBUTOLOL,13
ATOMOXETINE,13
AZATHIOPRINE,13
AZELASTINE OPHTHALMIC,13
BETAXOLOL,13
BETHANECHOL,13
BIFIDOBACTERIUM-LACTOBACILLUS,13
CHLORHEXIDINE TOPICAL,13
CORTISONE,13
CYPROHEPTADINE,13
ERYTHROMYCIN,13
FAMCICLOVIR,13
FLUORIDE TOPICAL,13
FLUOROMETHOLONE OPHTHALMIC,13
HYDRALAZINE-HYDROCHLOROTHIAZIDE,13
INFLIXIMAB,13
KETOTIFEN OPHTHALMIC,13
LEFLUNOMIDE,13
MYCOPHENOLATE MOFETIL,13
RIBOFLAVIN,13
"SODIUM CHLORIDE, HYPERTONIC, OPHTHALMIC",13
ACETAZOLAMIDE,14
ACETYL-L-CARNITINE,14
APAP/DICHLORALPHENAZONE/ISOMETHEPTENE,14
AZITHROMYCIN OPHTHALMIC,14
BECLOMETHASONE NASAL,14
BEVACIZUMAB,14
CLORAZEPATE,14
DOXYLAMINE,14
KETOROLAC,14
KETOROLAC OPHTHALMIC,14
MINOXIDIL,14
TRANDOLAPRIL,14
TROLAMINE SALICYLATE TOPICAL,14
ACETYLCYSTEINE,15
ALGINIC ACID/AL HYDROXIDE/MG CARBONATE,15
BETAMETHASONE,15
BILBERRY,15
BROMFENAC OPHTHALMIC,15
CODEINE-GUAIFENESIN,15
DEXAMETHASONE,15
DEXLANSOPRAZOLE,15
ETHINYL ESTRADIOL-NORETHINDRONE,15
INSULIN GLULISINE,15
METFORMIN-ROSIGLITAZONE,15
MOXIFLOXACIN,15
NEPAFENAC OPHTHALMIC,15
NIACINAMIDE,15
OXYGEN,15
TEGASEROD,15
ABACAVIR,16
AMMONIUM LACTATE TOPICAL,16
ATENOLOL-CHLORTHALIDONE,16
DRONEDARONE,16
ESTROPIPATE,16
EXEMESTANE,16
FENOFIBRIC ACID,16
FLAX SEED,16
HYDROCODONE-PHENYLPROPANOLAMINE,16
KETOCONAZOLE,16
LEVOCARNITINE,16
METHYLPREDNISOLONE,16
NIZATIDINE,16
OXAPROZIN,16
OXCARBAZEPINE,16
PARICALCITOL,16
PIRBUTEROL,16
PRESERVISION,16
TRETINOIN TOPICAL,16
URSODIOL,16
ACARBOSE,17
AMILORIDE,17
ASA/BUTALBITAL/CAFFEINE,17
CALCIUM CARBONATE-MAGNESIUM HYDROXIDE,17
CAPSAICIN TOPICAL,17
ISRADIPINE,17
LEVOFLOXACIN,17
METHYLSULFONYLMETHANE,17
OXYMETAZOLINE NASAL,17
RAMELTEON,17
RANOLAZINE,17
ZINC ACETATE,17
AMLODIPINE-OLMESARTAN,18
BILBERRY/EVENING PRIMROSE/FLAX,18
BISMUTH SUBSALICYLATE,18
ECONAZOLE TOPICAL,18
LIDOCAINE,18
PILOCARPINE OPHTHALMIC,18
RITONAVIR,18
ARMODAFINIL,19
CINNAMON,19
DICLOFENAC TOPICAL,19
EMTRICITABINE,19
ETANERCEPT,19
GINSENG,19
MISOPROSTOL,19
MUPIROCIN TOPICAL,19
OMEPRAZOLE-SODIUM BICARBONATE,19
PROBENECID,19
PROCHLORPERAZINE,19
RESVERATROL,19
SELENIUM SULFIDE TOPICAL,19
BUPIVACAINE-HYDROMORPHONE,20
COLESTIPOL,20
FLUCONAZOLE,20
LAMIVUDINE,20
RIZATRIPTAN,20
TRIMETHOPRIM,20
AL HYDROXIDE/MG HYDROXIDE/SIMETHICONE,21
CICLOPIROX TOPICAL,21
HYDROCHLOROTHIAZIDE-SPIRONOLACTONE,21
LOVASTATIN-NIACIN,21
METHYLSULFONYLMETHANE (MSM),21
MIDODRINE,21
CHLORDIAZEPOXIDE-CLIDINIUM,22
CLOTRIMAZOLE TOPICAL,22
FEXOFENADINE-PSEUDOEPHEDRINE,22
OXAZEPAM,22
TUMERIC,22
BETAMETHASONE TOPICAL,23
DEXTROMETHORPHAN-GUAIFENESIN,23
"EMOLLIENTS, TOPICAL",23
ESTRADIOL-NORETHINDRONE,23
KETOCONAZOLE TOPICAL,23
MAGNESIUM AMINO ACIDS CHELATE,23
METFORMIN-SITAGLIPTIN,23
POTASSIUM CITRATE,23
TRIAZOLAM,23
GINGER,24
HYDROCHLOROTHIAZIDE-TELMISARTAN,24
HYDROCODONE-IBUPROFEN,24
INSULIN,24
LEVOCETIRIZINE,24
MAGNESIUM CAPSULES,24
SULINDAC,24
ESTERIFIED ESTROGENS-METHYLTESTOSTERONE,25
FLUOCINOLONE TOPICAL,25
HYDROXYUREA,25
LUBIPROSTONE,25
MOMETASONE TOPICAL,25
ONDANSETRON,25
TENOFOVIR,25
ARGININE,26
ALISKIREN,27
APAP/BUTALBITAL/CAFFEINE,27
CIMETIDINE,27
CODEINE,27
DESVENLAFAXINE,27
EVENING PRIMROSE,27
FESOTERODINE,27
MAGNESIUM CARBONATE,27
ACETAMINOPHEN-TRAMADOL,28
DESONIDE TOPICAL,28
METHIMAZOLE,28
MINOCYCLINE,28
ALPHA-LIPOIC ACID,29
BUDESONIDE NASAL,29
DOCUSATE-SENNA,29
MEGESTROL,29
MILK THISTLE,29
PENTOXIFYLLINE,29
ALPHA LIPOIC ACID,30
BENZONATATE,30
CAPTOPRIL,30
CARBAMAZEPINE,30
CARISOPRODOL,30
METAXALONE,30
ZALEPLON,30
ALENDRONATE-CHOLECALCIFEROL,31
CHOLESTYRAMINE,31
PILOCARPINE,31
PRAZOSIN,31
SELEGILINE,31
INSULIN DETEMIR,32
TETRACYCLINE,32
CLINDAMYCIN,33
DEXAMETHASONE OPHTHALMIC,33
FLECAINIDE,33
GLYBURIDE-METFORMIN,33
LACTULOSE,33
PROBIOTICS,33
REPAGLINIDE,33
SALSALATE,33
THEOPHYLLINE,33
AMPHETAMINE-DEXTROAMPHETAMINE,34
BETAXOLOL OPHTHALMIC,34
IMIPRAMINE,34
LOTEPREDNOL OPHTHALMIC,34
TETRAHYDROZOLINE OPHTHALMIC,34
TIZANIDINE,34
AMLODIPINE-VALSARTAN,35
BUMETANIDE,35
DABIGATRAN,35
FENTANYL,35
IPRATROPIUM NASAL,35
LITHIUM,35
SULFASALAZINE,35
BICALUTAMIDE,36
ECHINACEA,36
FLUOCINONIDE TOPICAL,36
LEUPROLIDE,36
PHYTONADIONE,36
BISOPROLOL-HYDROCHLOROTHIAZIDE,37
COQ 10,37
EPOETIN ALFA,37
SUCRALFATE,37
WHEAT DEXTRIN,37
FERROUS GLUCONATE,38
FLUDROCORTISONE,38
FORMOTEROL,38
LACTASE,38
PROPAFENONE,38
DICLOFENAC-MISOPROSTOL,39
METRONIDAZOLE,39
POTASSIUM GLUCONATE,39
TURMERIC,39
ARIPIPRAZOLE,40
CONJUGATED ESTROGENS TOPICAL,40
DIPYRIDAMOLE,40
AZITHROMYCIN,41
CARBIDOPA/ENTACAPONE/LEVODOPA,41
DOXEPIN,41
INSULIN ISOPHANE,41
LEVOBUNOLOL OPHTHALMIC,41
LEVODOPA,41
LIOTHYRONINE,41
SODIUM CHLORIDE NASAL,41
INDAPAMIDE,42
LETROZOLE,42
NISOLDIPINE,42
PANCRELIPASE,42
TOPIRAMATE,42
BRIMONIDINE-TIMOLOL OPHTHALMIC,43
CARBIDOPA,43
LEVALBUTEROL,43
METOLAZONE,43
MORPHINE,43
NEBIVOLOL,43
APAP/ASA/CAFFEINE,44
OLANZAPINE,44
ZINC OXIDE TOPICAL,44
ALUMINUM HYDROXIDE-MAGNESIUM HYDROXIDE,45
CALCITRIOL,45
EXENATIDE,45
TAMOXIFEN,45
TERBINAFINE,45
BACLOFEN,46
CHLORPHENIRAMINE,46
DEHYDROEPIANDROSTERONE,46
NADOLOL,46
PIROXICAM,46
RASAGILINE,46
COLESEVELAM,47
PROMETHAZINE,47
BISACODYL,48
HYDROCORTISONE,48
PHENYTOIN,48
PREDNISOLONE,48
ATROPINE-DIPHENOXYLATE,49
AMANTADINE,51
ESTRONE,51
ZINC GLUCONATE,51
CILOSTAZOL,52
ENTACAPONE,52
BISOPROLOL,53
PSEUDOEPHEDRINE,53
BECLOMETHASONE,54
DIVALPROEX SODIUM,54
INDOMETHACIN,54
RISPERIDONE,54
TRIAMCINOLONE TOPICAL,54
MEDROXYPROGESTERONE,55
TORSEMIDE,55
TERIPARATIDE,56
HYOSCYAMINE,57
METHOCARBAMOL,57
SALMETEROL,57
LABETALOL,58
CIPROFLOXACIN,59
DICYCLOMINE,59
FLUNISOLIDE,59
BETA-CAROTENE,60
FLUVASTATIN,60
CEPHALEXIN,61
PROPOXYPHENE,61
CLOBETASOL TOPICAL,62
FOSINOPRIL,62
SIMETHICONE,62
LEVETIRACETAM,64
METOCLOPRAMIDE,64
OLOPATADINE OPHTHALMIC,65
MULTIVITAMIN WITH IRON,66
PREDNISOLONE OPHTHALMIC,66
AMLODIPINE-ATORVASTATIN,67
CHLORTHALIDONE,67
INSULIN ISOPHANE-INSULIN REGULAR,67
SULFAMETHOXAZOLE-TRIMETHOPRIM,67
DESLORATADINE,68
SOTALOL,68
SUMATRIPTAN,68
ZOLEDRONIC ACID,68
MAGNESIUM HYDROXIDE,69
NITROFURANTOIN,70
CHROMIUM PICOLINATE,71
TADALAFIL,72
ACETAMINOPHEN-OXYCODONE,73
BRINZOLAMIDE OPHTHALMIC,73
INSULIN LISPRO,73
IRON POLYSACCHARIDE,73
MAGNESIUM SULFATE,73
METHYLCELLULOSE,73
METRONIDAZOLE TOPICAL,73
ACETAMINOPHEN-CODEINE,74
BUDESONIDE-FORMOTEROL,74
FLUNISOLIDE NASAL,74
HYDROCHLOROTHIAZIDE-IRBESARTAN,74
MAGNESIUM CITRATE,74
PRIMIDONE,74
THIAMINE,74
LYSINE,75
LIDOCAINE TOPICAL,76
DORZOLAMIDE OPHTHALMIC,77
MOMETASONE,77
BUDESONIDE,78
CRANBERRY,78
METHYLPHENIDATE,78
HYDROCHLOROTHIAZIDE-OLMESARTAN,79
CALCITONIN,80
HYDRALAZINE,80
MAGNESIUM GLUCONATE,80
INSULIN ASPART,82
LAMOTRIGINE,82
TROSPIUM,82
ACYCLOVIR,83
HYDROXYCHLOROQUINE,83
CANDESARTAN,84
VARDENAFIL,84
VALACYCLOVIR,85
*Not Codable*,86
TRIAMCINOLONE NASAL,87
MESALAMINE,89
VITAMIN A,89
ETODOLAC,90
HYDROCORTISONE TOPICAL,90
LACTOBACILLUS ACIDOPHILUS,90
PROGESTERONE,91
THYROID DESICCATED,91
HYDROCHLOROTHIAZIDE-VALSARTAN,92
MAGNESIUM CHLORIDE,92
METHOTREXATE,92
ROSIGLITAZONE,92
BUSPIRONE,94
ANASTROZOLE,95
CONJUGATED ESTROGENS-MEDROXYPROGESTERONE,95
HYDROXYZINE,95
LECITHIN,96
QUININE,97
HYDROCHLOROTHIAZIDE-LISINOPRIL,98
INSULIN REGULAR,98
ALFUZOSIN,99
AMOXICILLIN,99
TELMISARTAN,99
MODAFINIL,100
CHONDROITIN/GLUCOSAMINE/METHYLSULFONYLMETHANE,102
DARIFENACIN,102
ACETAMINOPHEN-DIPHENHYDRAMINE,103
DOXYCYCLINE,103
ALBUTEROL-IPRATROPIUM,105
ACETAMINOPHEN-PROPOXYPHENE,110
COLCHICINE,110
NORTRIPTYLINE,110
ESZOPICLONE,111
ISOSORBIDE DINITRATE,111
ASPIRIN-DIPYRIDAMOLE,114
RED YEAST RICE,115
GEMFIBROZIL,117
TRIAMCINOLONE,117
NABUMETONE,120
AZELASTINE NASAL,123
ESTRADIOL TOPICAL,123
SITAGLIPTIN,123
GLIMEPIRIDE,125
ZINC SULFATE,127
HYDROCHLOROTHIAZIDE-LOSARTAN,131
CYCLOSPORINE OPHTHALMIC,135
LOPERAMIDE,135
SENNA,135
GUAIFENESIN,136
PREGABALIN,142
AMIODARONE,143
QUINAPRIL,144
POLYCARBOPHIL,145
AMLODIPINE-BENAZEPRIL,146
HYDROCODONE,147
DIAZEPAM,149
IPRATROPIUM,149
TESTOSTERONE,153
ISOSORBIDE,154
DORZOLAMIDE-TIMOLOL OPHTHALMIC,158
PRAMIPEXOLE,158
CLONIDINE,159
MAGNESIUM OXIDE,159
QUETIAPINE,159
ROPINIROLE,161
OXYCODONE,163
CALCIUM CITRATE,164
CYCLOBENZAPRINE,168
TEMAZEPAM,168
GARLIC,173
TIMOLOL,173
LUTEIN,175
SILDENAFIL,175
PROPRANOLOL,177
DICLOFENAC,178
MECLIZINE,178
INSULIN GLARGINE,181
BIOTIN,184
DUTASTERIDE,184
ISOSORBIDE MONONITRATE,187
SAW PALMETTO,187
IRBESARTAN,193
BIMATOPROST OPHTHALMIC,194
OCULAR LUBRICANT,195
FELODIPINE,200
SPIRONOLACTONE,201
RABEPRAZOLE,202
BENAZEPRIL,204
MOMETASONE NASAL,209
BRIMONIDINE OPHTHALMIC,210
FENOFIBRATE,210
RAMIPRIL,217
AMITRIPTYLINE,219
MIRTAZAPINE,224
GLYBURIDE,226
TIMOLOL OPHTHALMIC,228
POLYETHYLENE GLYCOL 3350,230
CHONDROITIN,231
SELENIUM,232
PIOGLITAZONE,234
SOLIFENACIN,241
TIOTROPIUM,241
TRAVOPROST OPHTHALMIC,243
GALANTAMINE,251
IBANDRONATE,252
VERAPAMIL,254
DOXAZOSIN,257
MELATONIN,263
FAMOTIDINE,265
DIPHENHYDRAMINE,266
PAROXETINE,268
GINKGO,270
RALOXIFENE,275
FLUTICASONE,277
OLMESARTAN,277
ENALAPRIL,283
RIVASTIGMINE,298
NIFEDIPINE,301
MELOXICAM,303
CARBIDOPA-LEVODOPA,305
FLAX,305
DULOXETINE,310
ALLOPURINOL,316
VENLAFAXINE,317
TRIAMTERENE,319
ALPRAZOLAM,334
PREDNISONE,338
CLONAZEPAM,340
GLIPIZIDE,348
TERAZOSIN,348
PSYLLIUM,349
TOLTERODINE,350
LORAZEPAM,357
MONTELUKAST,360
CETIRIZINE,362
LANSOPRAZOLE,378
CARVEDILOL,379
FLUOXETINE,388
PYRIDOXINE,388
OXYBUTYNIN,399
TRAMADOL,403
NITROGLYCERIN,405
EZETIMIBE-SIMVASTATIN,407
FEXOFENADINE,413
CONJUGATED ESTROGENS,427
DIGOXIN,433
ESTRADIOL,433
TRAZODONE,450
ACETAMINOPHEN-HYDROCODONE,452
FLUTICASONE NASAL,468
BUPROPION,478
EZETIMIBE,478
LATANOPROST OPHTHALMIC,478
CELECOXIB,481
FLUTICASONE-SALMETEROL,489
CHOLECALCIFEROL,491
RISEDRONATE,492
FINASTERIDE,493
NIACIN,500
CHONDROITIN-GLUCOSAMINE,503
PANTOPRAZOLE,525
RANITIDINE,548
DILTIAZEM,558
LORATADINE,561
ESOMEPRAZOLE,625
ROSUVASTATIN,631
LOVASTATIN,639
ESCITALOPRAM,642
FERROUS SULFATE,642
CALCIUM ACETATE,645
ZOLPIDEM,645
PRAVASTATIN,647
ALBUTEROL,654
HYDROCHLOROTHIAZIDE-TRIAMTERENE,661
GABAPENTIN,671
DOCUSATE,683
SERTRALINE,685
VALSARTAN,687
CITALOPRAM,714
UBIQUINONE,730
TAMSULOSIN,766
LOSARTAN,779
NAPROXEN,827
CLOPIDOGREL,909
MEMANTINE,928
WARFARIN,955
METFORMIN,1011
IBUPROFEN,1016
POTASSIUM CHLORIDE,1063
FOLIC ACID,1091
FUROSEMIDE,1104
ATENOLOL,1273
ALENDRONATE,1481
GLUCOSAMINE,1538
ACETAMINOPHEN,1564
DONEPEZIL,1586
AMLODIPINE,1695
VITAMIN E,1735
METOPROLOL,1832
CYANOCOBALAMIN,1946
CALCIUM CARBONATE,1954
OMEPRAZOLE,2010
ATORVASTATIN,2134
HYDROCHLOROTHIAZIDE,2184
LISINOPRIL,2274
LEVOTHYROXINE,2282
ASCORBIC ACID,2469
SIMVASTATIN,2901
ERGOCALCIFEROL,2989
MULTIVITAMIN WITH MINERALS,3865
OMEGA-3 POLYUNSATURATED FATTY ACIDS,3920
CALCIUM-VITAMIN D,4063
MULTIVITAMIN,5837
ASPIRIN,6328
